segment,direction,mon,time_period,volume,pct_change
1,E,11/01/2017 0:00,AM,2380,13.42
2,E,11/01/2017 0:00,AM,2725,12.34
3,E,11/01/2017 0:00,AM,3014,11.06
4,E,11/01/2017 0:00,AM,3337,11.34
5,E,11/01/2017 0:00,AM,3679,12.50
6,E,11/01/2017 0:00,AM,4119,12.16
7,E,11/01/2017 0:00,AM,4406,13.77
8,E,11/01/2017 0:00,AM,4414,11.02
9,E,11/01/2017 0:00,AM,3623,10.89
10,E,11/01/2017 0:00,AM,3402,11.17
11,E,11/01/2017 0:00,AM,3030,13.83
12,W,11/01/2017 0:00,AM,1866,9.49
13,W,11/01/2017 0:00,AM,2154,10.93
14,W,11/01/2017 0:00,AM,2391,8.61
15,W,11/01/2017 0:00,AM,2562,8.69
16,W,11/01/2017 0:00,AM,2902,9.17
17,W,11/01/2017 0:00,AM,2828,10.91
18,W,11/01/2017 0:00,AM,2877,8.79
19,W,11/01/2017 0:00,AM,2242,9.60
20,W,11/01/2017 0:00,AM,1980,9.34
21,W,11/01/2017 0:00,AM,1614,10.40
22,W,11/01/2017 0:00,AM,1174,9.08
23,W,11/01/2017 0:00,AM,2157,16.90
24,W,11/01/2017 0:00,AM,2439,16.05
25,W,11/01/2017 0:00,AM,2637,13.27
26,W,11/01/2017 0:00,AM,2947,15.42
27,W,11/01/2017 0:00,AM,3374,16.46
28,W,11/01/2017 0:00,AM,3149,16.17
29,W,11/01/2017 0:00,AM,3266,13.83
30,W,11/01/2017 0:00,AM,2611,16.49
31,W,11/01/2017 0:00,AM,2173,13.21
32,W,11/01/2017 0:00,AM,1827,16.53
33,W,11/01/2017 0:00,AM,1338,14.27
34,E,11/01/2017 0:00,AM,2635,18.14
35,E,11/01/2017 0:00,AM,3195,21.53
36,E,11/01/2017 0:00,AM,3579,19.96
37,E,11/01/2017 0:00,AM,4045,22.62
38,E,11/01/2017 0:00,AM,4344,22.52
39,E,11/01/2017 0:00,AM,4688,20.78
40,E,11/01/2017 0:00,AM,4873,17.67
41,E,11/01/2017 0:00,AM,4973,17.45
42,E,11/01/2017 0:00,AM,4124,17.14
43,E,11/01/2017 0:00,AM,3809,18.85
44,E,11/01/2017 0:00,AM,3489,20.11
45,E,11/01/2017 0:00,AM,505,-75.82
46,E,11/01/2017 0:00,AM,527,-78.26
47,E,11/01/2017 0:00,AM,710,-73.91
48,E,11/01/2017 0:00,AM,733,-76.05
49,E,11/01/2017 0:00,AM,817,-75.13
50,E,11/01/2017 0:00,AM,624,-82.52
51,E,11/01/2017 0:00,AM,1068,-72.62
52,E,11/01/2017 0:00,AM,498,-87.17
53,E,11/01/2017 0:00,AM,510,-84.28
54,E,11/01/2017 0:00,AM,849,-71.70
55,E,11/01/2017 0:00,AM,696,-73.99
56,W,11/01/2017 0:00,AM,264,-84.39
57,W,11/01/2017 0:00,AM,264,-86.76
58,W,11/01/2017 0:00,AM,641,-70.60
59,W,11/01/2017 0:00,AM,601,-74.47
60,W,11/01/2017 0:00,AM,477,-82.11
61,W,11/01/2017 0:00,AM,260,-89.60
62,W,11/01/2017 0:00,AM,483,-81.32
63,W,11/01/2017 0:00,AM,274,-86.44
64,W,11/01/2017 0:00,AM,428,-75.81
65,W,11/01/2017 0:00,AM,255,-82.03
66,W,11/01/2017 0:00,AM,112,-89.67
67,W,11/01/2017 0:00,AM,1396,11.51
68,W,11/01/2017 0:00,AM,1646,9.70
69,W,11/01/2017 0:00,AM,1820,12.35
70,W,11/01/2017 0:00,AM,1993,12.71
71,W,11/01/2017 0:00,AM,2185,11.96
72,W,11/01/2017 0:00,AM,2143,11.38
73,W,11/01/2017 0:00,AM,2212,10.49
74,W,11/01/2017 0:00,AM,1728,12.73
75,W,11/01/2017 0:00,AM,1472,10.48
76,E,11/01/2017 0:00,AM,1739,9.97
77,E,11/01/2017 0:00,AM,1992,9.16
78,E,11/01/2017 0:00,AM,2220,9.08
79,E,11/01/2017 0:00,AM,2500,10.35
80,E,11/01/2017 0:00,AM,2761,11.35
81,E,11/01/2017 0:00,AM,2954,10.38
82,E,11/01/2017 0:00,AM,3301,10.97
83,E,11/01/2017 0:00,AM,3210,9.19
84,E,11/01/2017 0:00,AM,2803,11.15
85,E,11/01/2017 0:00,AM,2546,12.90
86,E,11/01/2017 0:00,AM,2209,10.52
87,W,11/01/2017 0:00,AM,1410,12.47
88,W,11/01/2017 0:00,AM,1726,14.63
89,W,11/01/2017 0:00,AM,1825,12.26
90,W,11/01/2017 0:00,AM,2025,11.81
91,W,11/01/2017 0:00,AM,2227,14.57
92,W,11/01/2017 0:00,AM,2181,13.89
93,W,11/01/2017 0:00,AM,2188,12.43
94,W,11/01/2017 0:00,AM,1686,12.10
95,W,11/01/2017 0:00,AM,1508,13.24
96,S,11/01/2017 0:00,AM,1871,4.34
97,S,11/01/2017 0:00,AM,2029,4.25
98,S,11/01/2017 0:00,AM,1918,3.62
99,S,11/01/2017 0:00,AM,1838,4.29
100,N,11/01/2017 0:00,AM,1995,8.01
101,N,11/01/2017 0:00,AM,2096,9.67
102,N,11/01/2017 0:00,AM,2191,7.99
103,N,11/01/2017 0:00,AM,2321,9.84
104,S,11/01/2017 0:00,AM,634,12.27
105,S,11/01/2017 0:00,AM,678,11.72
106,N,11/01/2017 0:00,AM,598,6.82
107,N,11/01/2017 0:00,AM,631,6.01
108,S,11/01/2017 0:00,AM,2034,5.90
109,S,11/01/2017 0:00,AM,2270,6.08
110,S,11/01/2017 0:00,AM,2160,6.08
111,S,11/01/2017 0:00,AM,2024,7.00
112,N,11/01/2017 0:00,AM,2041,2.84
113,N,11/01/2017 0:00,AM,2207,3.03
114,N,11/01/2017 0:00,AM,2227,2.71
115,N,11/01/2017 0:00,AM,2325,3.06
116,S,11/01/2017 0:00,AM,581,3.26
117,S,11/01/2017 0:00,AM,560,0.41
118,S,11/01/2017 0:00,AM,605,0.44
119,N,11/01/2017 0:00,AM,586,4.08
120,N,11/01/2017 0:00,AM,627,4.02
121,N,11/01/2017 0:00,AM,618,9.42
122,S,11/01/2017 0:00,AM,984,0.79
123,S,11/01/2017 0:00,AM,1056,0.63
124,N,11/01/2017 0:00,AM,979,-1.55
125,N,11/01/2017 0:00,AM,1031,-1.65
126,S,11/01/2017 0:00,AM,2649,0.30
127,S,11/01/2017 0:00,AM,2815,0.28
128,N,11/01/2017 0:00,AM,2835,7.43
129,N,11/01/2017 0:00,AM,3101,7.09
130,N,11/01/2017 0:00,AM,1310,5.18
131,N,11/01/2017 0:00,AM,1441,4.75
132,S,11/01/2017 0:00,AM,1889,5.19
133,S,11/01/2017 0:00,AM,2014,5.15
134,S,11/01/2017 0:00,AM,1978,5.44
135,S,11/01/2017 0:00,AM,1841,5.34
136,S,11/01/2017 0:00,AM,1784,5.73
137,N,11/01/2017 0:00,AM,2049,11.67
138,N,11/01/2017 0:00,AM,2222,14.51
139,N,11/01/2017 0:00,AM,2206,11.49
140,N,11/01/2017 0:00,AM,2404,14.21
141,N,11/01/2017 0:00,AM,2273,14.95
142,S,11/01/2017 0:00,AM,1776,-1.11
143,S,11/01/2017 0:00,AM,1932,-1.14
144,N,11/01/2017 0:00,AM,1796,0.00
145,N,11/01/2017 0:00,AM,1934,0.00
146,S,11/01/2017 0:00,AM,1912,14.14
147,S,11/01/2017 0:00,AM,2046,11.87
148,N,11/01/2017 0:00,AM,1912,12.02
149,N,11/01/2017 0:00,AM,2034,11.56
150,S,11/01/2017 0:00,AM,1433,2.32
151,S,11/01/2017 0:00,AM,1572,2.73
152,S,11/01/2017 0:00,AM,1478,2.20
153,S,11/01/2017 0:00,AM,1397,2.07
154,N,11/01/2017 0:00,AM,1512,8.47
155,N,11/01/2017 0:00,AM,1634,8.75
156,N,11/01/2017 0:00,AM,1719,9.15
157,N,11/01/2017 0:00,AM,1733,9.95
1,E,11/01/2017 0:00,PM,2177,12.68
2,E,11/01/2017 0:00,PM,2299,13.62
3,E,11/01/2017 0:00,PM,2557,13.00
4,E,11/01/2017 0:00,PM,3041,10.87
5,E,11/01/2017 0:00,PM,3263,12.45
6,E,11/01/2017 0:00,PM,3565,12.05
7,E,11/01/2017 0:00,PM,3609,10.95
8,E,11/01/2017 0:00,PM,3809,13.41
9,E,11/01/2017 0:00,PM,3351,12.06
10,E,11/01/2017 0:00,PM,2492,11.80
11,E,11/01/2017 0:00,PM,2156,13.42
12,W,11/01/2017 0:00,PM,2737,9.05
13,W,11/01/2017 0:00,PM,3254,10.12
14,W,11/01/2017 0:00,PM,3601,8.62
15,W,11/01/2017 0:00,PM,3908,10.22
16,W,11/01/2017 0:00,PM,4340,9.70
17,W,11/01/2017 0:00,PM,4630,9.35
18,W,11/01/2017 0:00,PM,4979,8.99
19,W,11/01/2017 0:00,PM,4464,9.19
20,W,11/01/2017 0:00,PM,3697,8.65
21,W,11/01/2017 0:00,PM,3310,9.34
22,W,11/01/2017 0:00,PM,2782,11.50
23,W,11/01/2017 0:00,PM,3141,14.03
24,W,11/01/2017 0:00,PM,3638,16.31
25,W,11/01/2017 0:00,PM,4118,17.09
26,W,11/01/2017 0:00,PM,4613,17.11
27,W,11/01/2017 0:00,PM,4954,16.76
28,W,11/01/2017 0:00,PM,5255,14.33
29,W,11/01/2017 0:00,PM,5494,13.26
30,W,11/01/2017 0:00,PM,5183,17.02
31,W,11/01/2017 0:00,PM,4233,15.18
32,W,11/01/2017 0:00,PM,3821,17.21
33,W,11/01/2017 0:00,PM,3114,12.96
34,E,11/01/2017 0:00,PM,2573,21.91
35,E,11/01/2017 0:00,PM,2683,20.19
36,E,11/01/2017 0:00,PM,2996,19.44
37,E,11/01/2017 0:00,PM,3667,21.20
38,E,11/01/2017 0:00,PM,3868,22.18
39,E,11/01/2017 0:00,PM,4056,21.57
40,E,11/01/2017 0:00,PM,4252,19.46
41,E,11/01/2017 0:00,PM,4358,22.52
42,E,11/01/2017 0:00,PM,3824,18.66
43,E,11/01/2017 0:00,PM,2860,21.24
44,E,11/01/2017 0:00,PM,2417,17.30
45,E,11/01/2017 0:00,PM,242,-87.33
46,E,11/01/2017 0:00,PM,730,-64.77
47,E,11/01/2017 0:00,PM,808,-65.38
48,E,11/01/2017 0:00,PM,391,-85.80
49,E,11/01/2017 0:00,PM,722,-75.82
50,E,11/01/2017 0:00,PM,969,-69.34
51,E,11/01/2017 0:00,PM,894,-71.86
52,E,11/01/2017 0:00,PM,1116,-66.52
53,E,11/01/2017 0:00,PM,762,-74.60
54,E,11/01/2017 0:00,PM,432,-80.62
55,E,11/01/2017 0:00,PM,380,-80.16
56,W,11/01/2017 0:00,PM,375,-85.10
57,W,11/01/2017 0:00,PM,800,-72.34
58,W,11/01/2017 0:00,PM,656,-79.98
59,W,11/01/2017 0:00,PM,733,-79.82
60,W,11/01/2017 0:00,PM,460,-88.18
61,W,11/01/2017 0:00,PM,1146,-72.42
62,W,11/01/2017 0:00,PM,596,-86.76
63,W,11/01/2017 0:00,PM,429,-89.44
64,W,11/01/2017 0:00,PM,1021,-69.90
65,W,11/01/2017 0:00,PM,743,-75.73
66,W,11/01/2017 0:00,PM,281,-88.89
67,W,11/01/2017 0:00,PM,2077,11.79
68,W,11/01/2017 0:00,PM,2451,10.42
69,W,11/01/2017 0:00,PM,2781,11.96
70,W,11/01/2017 0:00,PM,3056,12.51
71,W,11/01/2017 0:00,PM,3378,12.15
72,W,11/01/2017 0:00,PM,3555,10.76
73,W,11/01/2017 0:00,PM,3751,10.69
74,W,11/01/2017 0:00,PM,3407,11.34
75,W,11/01/2017 0:00,PM,2903,13.03
76,E,11/01/2017 0:00,PM,1630,11.70
77,E,11/01/2017 0:00,PM,1686,10.90
78,E,11/01/2017 0:00,PM,1932,9.96
79,E,11/01/2017 0:00,PM,2337,11.01
80,E,11/01/2017 0:00,PM,2373,9.35
81,E,11/01/2017 0:00,PM,2625,10.11
82,E,11/01/2017 0:00,PM,2771,11.93
83,E,11/01/2017 0:00,PM,2793,11.19
84,E,11/01/2017 0:00,PM,2457,11.35
85,E,11/01/2017 0:00,PM,1841,12.28
86,E,11/01/2017 0:00,PM,1599,10.50
87,W,11/01/2017 0:00,PM,2205,14.96
88,W,11/01/2017 0:00,PM,2516,14.57
89,W,11/01/2017 0:00,PM,2821,13.58
90,W,11/01/2017 0:00,PM,3102,14.28
91,W,11/01/2017 0:00,PM,3436,13.45
92,W,11/01/2017 0:00,PM,3554,13.15
93,W,11/01/2017 0:00,PM,3865,14.30
94,W,11/01/2017 0:00,PM,3468,14.57
95,W,11/01/2017 0:00,PM,2930,12.86
96,S,11/01/2017 0:00,PM,2140,3.72
97,S,11/01/2017 0:00,PM,2339,3.63
98,S,11/01/2017 0:00,PM,2578,4.08
99,S,11/01/2017 0:00,PM,2707,3.42
100,N,11/01/2017 0:00,PM,2164,9.03
101,N,11/01/2017 0:00,PM,2335,10.31
102,N,11/01/2017 0:00,PM,2304,9.03
103,N,11/01/2017 0:00,PM,2478,8.70
104,S,11/01/2017 0:00,PM,719,12.40
105,S,11/01/2017 0:00,PM,793,11.26
106,N,11/01/2017 0:00,PM,645,5.58
107,N,11/01/2017 0:00,PM,691,6.10
108,S,11/01/2017 0:00,PM,2379,6.00
109,S,11/01/2017 0:00,PM,2630,6.47
110,S,11/01/2017 0:00,PM,2858,6.93
111,S,11/01/2017 0:00,PM,3037,6.44
112,N,11/01/2017 0:00,PM,2199,2.97
113,N,11/01/2017 0:00,PM,2357,2.55
114,N,11/01/2017 0:00,PM,2337,3.16
115,N,11/01/2017 0:00,PM,2563,2.63
116,S,11/01/2017 0:00,PM,653,3.53
117,S,11/01/2017 0:00,PM,637,0.42
118,S,11/01/2017 0:00,PM,696,0.46
119,N,11/01/2017 0:00,PM,619,3.11
120,N,11/01/2017 0:00,PM,691,4.00
121,N,11/01/2017 0:00,PM,672,10.36
122,S,11/01/2017 0:00,PM,1143,0.70
123,S,11/01/2017 0:00,PM,1255,0.67
124,N,11/01/2017 0:00,PM,1047,-1.50
125,N,11/01/2017 0:00,PM,1114,-1.57
126,S,11/01/2017 0:00,PM,3050,0.31
127,S,11/01/2017 0:00,PM,3276,0.34
128,N,11/01/2017 0:00,PM,3098,7.59
129,N,11/01/2017 0:00,PM,3448,8.26
130,N,11/01/2017 0:00,PM,1425,4.14
131,N,11/01/2017 0:00,PM,1581,4.34
132,S,11/01/2017 0:00,PM,2198,5.47
133,S,11/01/2017 0:00,PM,2431,4.86
134,S,11/01/2017 0:00,PM,2572,4.84
135,S,11/01/2017 0:00,PM,2769,5.24
136,S,11/01/2017 0:00,PM,2843,5.43
137,N,11/01/2017 0:00,PM,2214,12.00
138,N,11/01/2017 0:00,PM,2425,12.29
139,N,11/01/2017 0:00,PM,2371,13.09
140,N,11/01/2017 0:00,PM,2554,12.63
141,N,11/01/2017 0:00,PM,2488,14.74
142,S,11/01/2017 0:00,PM,2098,-0.90
143,S,11/01/2017 0:00,PM,2283,-1.14
144,N,11/01/2017 0:00,PM,1917,0.00
145,N,11/01/2017 0:00,PM,2134,0.00
146,S,11/01/2017 0:00,PM,2142,10.97
147,S,11/01/2017 0:00,PM,2389,11.55
148,N,11/01/2017 0:00,PM,2003,11.15
149,N,11/01/2017 0:00,PM,2238,11.65
150,S,11/01/2017 0:00,PM,1616,2.67
151,S,11/01/2017 0:00,PM,1820,2.74
152,S,11/01/2017 0:00,PM,1965,2.64
153,S,11/01/2017 0:00,PM,2070,2.37
154,N,11/01/2017 0:00,PM,1615,8.11
155,N,11/01/2017 0:00,PM,1777,8.70
156,N,11/01/2017 0:00,PM,1732,9.23
157,N,11/01/2017 0:00,PM,1931,9.14
1,E,12/01/2017 0:00,AM,2356,12.29
2,E,12/01/2017 0:00,AM,2680,10.45
3,E,12/01/2017 0:00,AM,2977,9.69
4,E,12/01/2017 0:00,AM,3272,9.17
5,E,12/01/2017 0:00,AM,3608,10.35
6,E,12/01/2017 0:00,AM,4094,11.48
7,E,12/01/2017 0:00,AM,4248,9.69
8,E,12/01/2017 0:00,AM,4403,10.74
9,E,12/01/2017 0:00,AM,3575,9.42
10,E,12/01/2017 0:00,AM,3411,11.48
11,E,12/01/2017 0:00,AM,2941,10.46
12,W,12/01/2017 0:00,AM,1819,6.73
13,W,12/01/2017 0:00,AM,2093,7.78
14,W,12/01/2017 0:00,AM,2370,7.67
15,W,12/01/2017 0:00,AM,2500,6.07
16,W,12/01/2017 0:00,AM,2836,6.71
17,W,12/01/2017 0:00,AM,2744,7.62
18,W,12/01/2017 0:00,AM,2838,7.31
19,W,12/01/2017 0:00,AM,2200,7.51
20,W,12/01/2017 0:00,AM,1933,6.74
21,W,12/01/2017 0:00,AM,1552,6.19
22,W,12/01/2017 0:00,AM,1148,6.73
23,W,12/01/2017 0:00,AM,1993,8.00
24,W,12/01/2017 0:00,AM,2289,8.91
25,W,12/01/2017 0:00,AM,2530,8.68
26,W,12/01/2017 0:00,AM,2758,8.01
27,W,12/01/2017 0:00,AM,3178,9.70
28,W,12/01/2017 0:00,AM,2968,9.47
29,W,12/01/2017 0:00,AM,3170,10.49
30,W,12/01/2017 0:00,AM,2428,8.34
31,W,12/01/2017 0:00,AM,2077,8.22
32,W,12/01/2017 0:00,AM,1702,8.56
33,W,12/01/2017 0:00,AM,1266,8.15
34,E,12/01/2017 0:00,AM,2492,11.73
35,E,12/01/2017 0:00,AM,2955,12.40
36,E,12/01/2017 0:00,AM,3292,10.31
37,E,12/01/2017 0:00,AM,3655,10.78
38,E,12/01/2017 0:00,AM,3971,11.98
39,E,12/01/2017 0:00,AM,4365,12.47
40,E,12/01/2017 0:00,AM,4652,12.33
41,E,12/01/2017 0:00,AM,4798,13.32
42,E,12/01/2017 0:00,AM,3909,11.03
43,E,12/01/2017 0:00,AM,3567,11.29
44,E,12/01/2017 0:00,AM,3302,13.67
45,E,12/01/2017 0:00,AM,510,-75.56
46,E,12/01/2017 0:00,AM,378,-84.38
47,E,12/01/2017 0:00,AM,205,-92.47
48,E,12/01/2017 0:00,AM,253,-91.74
49,E,12/01/2017 0:00,AM,648,-80.25
50,E,12/01/2017 0:00,AM,901,-74.75
51,E,12/01/2017 0:00,AM,1073,-72.49
52,E,12/01/2017 0:00,AM,579,-85.11
53,E,12/01/2017 0:00,AM,250,-92.31
54,E,12/01/2017 0:00,AM,646,-78.47
55,E,12/01/2017 0:00,AM,479,-82.11
56,W,12/01/2017 0:00,AM,274,-83.79
57,W,12/01/2017 0:00,AM,555,-72.20
58,W,12/01/2017 0:00,AM,119,-94.56
59,W,12/01/2017 0:00,AM,378,-83.96
60,W,12/01/2017 0:00,AM,617,-76.84
61,W,12/01/2017 0:00,AM,548,-78.08
62,W,12/01/2017 0:00,AM,603,-76.67
63,W,12/01/2017 0:00,AM,370,-81.64
64,W,12/01/2017 0:00,AM,441,-75.10
65,W,12/01/2017 0:00,AM,409,-71.13
66,W,12/01/2017 0:00,AM,286,-73.61
67,W,12/01/2017 0:00,AM,1370,9.41
68,W,12/01/2017 0:00,AM,1610,7.35
69,W,12/01/2017 0:00,AM,1775,9.58
70,W,12/01/2017 0:00,AM,1924,8.84
71,W,12/01/2017 0:00,AM,2115,8.37
72,W,12/01/2017 0:00,AM,2102,9.23
73,W,12/01/2017 0:00,AM,2196,9.68
74,W,12/01/2017 0:00,AM,1675,9.27
75,W,12/01/2017 0:00,AM,1459,9.57
76,E,12/01/2017 0:00,AM,1705,7.86
77,E,12/01/2017 0:00,AM,1957,7.22
78,E,12/01/2017 0:00,AM,2200,8.13
79,E,12/01/2017 0:00,AM,2418,6.70
80,E,12/01/2017 0:00,AM,2677,7.94
81,E,12/01/2017 0:00,AM,2912,8.82
82,E,12/01/2017 0:00,AM,3206,7.77
83,E,12/01/2017 0:00,AM,3165,7.67
84,E,12/01/2017 0:00,AM,2724,8.02
85,E,12/01/2017 0:00,AM,2334,3.50
86,E,12/01/2017 0:00,AM,2150,7.56
87,W,12/01/2017 0:00,AM,1359,8.34
88,W,12/01/2017 0:00,AM,1601,6.30
89,W,12/01/2017 0:00,AM,1745,7.29
90,W,12/01/2017 0:00,AM,1949,7.61
91,W,12/01/2017 0:00,AM,2079,6.94
92,W,12/01/2017 0:00,AM,2055,7.29
93,W,12/01/2017 0:00,AM,2094,7.61
94,W,12/01/2017 0:00,AM,1598,6.22
95,W,12/01/2017 0:00,AM,1417,6.37
96,S,12/01/2017 0:00,AM,1784,-0.49
97,S,12/01/2017 0:00,AM,1937,-0.46
98,S,12/01/2017 0:00,AM,1841,-0.53
99,S,12/01/2017 0:00,AM,1752,-0.55
100,N,12/01/2017 0:00,AM,1850,0.19
101,N,12/01/2017 0:00,AM,1915,0.19
102,N,12/01/2017 0:00,AM,2033,0.21
103,N,12/01/2017 0:00,AM,2117,0.20
104,S,12/01/2017 0:00,AM,600,6.15
105,S,12/01/2017 0:00,AM,636,4.75
106,N,12/01/2017 0:00,AM,591,5.51
107,N,12/01/2017 0:00,AM,624,4.83
108,S,12/01/2017 0:00,AM,1956,1.80
109,S,12/01/2017 0:00,AM,2179,1.84
110,S,12/01/2017 0:00,AM,2067,1.52
111,S,12/01/2017 0:00,AM,1927,1.83
112,N,12/01/2017 0:00,AM,1959,-1.32
113,N,12/01/2017 0:00,AM,2113,-1.35
114,N,12/01/2017 0:00,AM,2132,-1.65
115,N,12/01/2017 0:00,AM,2225,-1.38
116,S,12/01/2017 0:00,AM,571,1.45
117,S,12/01/2017 0:00,AM,544,-2.46
118,S,12/01/2017 0:00,AM,588,-2.36
119,N,12/01/2017 0:00,AM,557,-0.99
120,N,12/01/2017 0:00,AM,597,-0.92
121,N,12/01/2017 0:00,AM,585,3.48
122,S,12/01/2017 0:00,AM,931,-4.62
123,S,12/01/2017 0:00,AM,1005,-4.22
124,N,12/01/2017 0:00,AM,944,-4.99
125,N,12/01/2017 0:00,AM,994,-5.17
126,S,12/01/2017 0:00,AM,2459,-6.87
127,S,12/01/2017 0:00,AM,2615,-6.83
128,N,12/01/2017 0:00,AM,2676,1.41
129,N,12/01/2017 0:00,AM,2940,1.51
130,N,12/01/2017 0:00,AM,1220,-2.02
131,N,12/01/2017 0:00,AM,1349,-1.93
132,S,12/01/2017 0:00,AM,1867,3.93
133,S,12/01/2017 0:00,AM,1977,3.22
134,S,12/01/2017 0:00,AM,1952,4.06
135,S,12/01/2017 0:00,AM,1819,4.04
136,S,12/01/2017 0:00,AM,1755,4.04
137,N,12/01/2017 0:00,AM,1946,6.07
138,N,12/01/2017 0:00,AM,2055,5.93
139,N,12/01/2017 0:00,AM,2128,7.53
140,N,12/01/2017 0:00,AM,2253,7.04
141,N,12/01/2017 0:00,AM,2107,6.58
142,S,12/01/2017 0:00,AM,1727,-3.87
143,S,12/01/2017 0:00,AM,1867,-4.43
144,N,12/01/2017 0:00,AM,1712,-4.70
145,N,12/01/2017 0:00,AM,1852,-4.23
146,S,12/01/2017 0:00,AM,1776,6.05
147,S,12/01/2017 0:00,AM,1965,7.43
148,N,12/01/2017 0:00,AM,1786,4.61
149,N,12/01/2017 0:00,AM,1911,4.83
150,S,12/01/2017 0:00,AM,1329,-5.16
151,S,12/01/2017 0:00,AM,1442,-5.74
152,S,12/01/2017 0:00,AM,1383,-4.33
153,S,12/01/2017 0:00,AM,1302,-4.86
154,N,12/01/2017 0:00,AM,1402,0.54
155,N,12/01/2017 0:00,AM,1512,0.60
156,N,12/01/2017 0:00,AM,1584,0.57
157,N,12/01/2017 0:00,AM,1584,0.53
1,E,12/01/2017 0:00,PM,2127,10.08
2,E,12/01/2017 0:00,PM,2217,9.61
3,E,12/01/2017 0:00,PM,2515,11.12
4,E,12/01/2017 0:00,PM,3021,10.12
5,E,12/01/2017 0:00,PM,3191,9.97
6,E,12/01/2017 0:00,PM,3561,11.90
7,E,12/01/2017 0:00,PM,3573,9.83
8,E,12/01/2017 0:00,PM,3703,10.25
9,E,12/01/2017 0:00,PM,3338,11.64
10,E,12/01/2017 0:00,PM,2483,11.42
11,E,12/01/2017 0:00,PM,2082,9.50
12,W,12/01/2017 0:00,PM,2686,7.01
13,W,12/01/2017 0:00,PM,3143,6.37
14,W,12/01/2017 0:00,PM,3531,6.52
15,W,12/01/2017 0:00,PM,3777,6.51
16,W,12/01/2017 0:00,PM,4198,6.11
17,W,12/01/2017 0:00,PM,4542,7.27
18,W,12/01/2017 0:00,PM,4879,6.82
19,W,12/01/2017 0:00,PM,4411,7.89
20,W,12/01/2017 0:00,PM,3619,6.35
21,W,12/01/2017 0:00,PM,3255,7.55
22,W,12/01/2017 0:00,PM,2679,7.39
23,W,12/01/2017 0:00,PM,3005,9.07
24,W,12/01/2017 0:00,PM,3452,10.35
25,W,12/01/2017 0:00,PM,3844,9.29
26,W,12/01/2017 0:00,PM,4256,8.04
27,W,12/01/2017 0:00,PM,4673,10.13
28,W,12/01/2017 0:00,PM,5039,9.63
29,W,12/01/2017 0:00,PM,5341,10.10
30,W,12/01/2017 0:00,PM,4776,7.83
31,W,12/01/2017 0:00,PM,3972,8.09
32,W,12/01/2017 0:00,PM,3560,9.21
33,W,12/01/2017 0:00,PM,2973,7.83
34,E,12/01/2017 0:00,PM,2371,12.32
35,E,12/01/2017 0:00,PM,2496,11.83
36,E,12/01/2017 0:00,PM,2818,12.38
37,E,12/01/2017 0:00,PM,3350,10.70
38,E,12/01/2017 0:00,PM,3533,11.58
39,E,12/01/2017 0:00,PM,3727,11.71
40,E,12/01/2017 0:00,PM,3954,11.09
41,E,12/01/2017 0:00,PM,3951,11.08
42,E,12/01/2017 0:00,PM,3645,13.10
43,E,12/01/2017 0:00,PM,2644,12.10
44,E,12/01/2017 0:00,PM,2278,10.53
45,E,12/01/2017 0:00,PM,184,-90.37
46,E,12/01/2017 0:00,PM,456,-77.99
47,E,12/01/2017 0:00,PM,476,-79.61
48,E,12/01/2017 0:00,PM,430,-84.38
49,E,12/01/2017 0:00,PM,625,-79.04
50,E,12/01/2017 0:00,PM,417,-86.81
51,E,12/01/2017 0:00,PM,987,-68.93
52,E,12/01/2017 0:00,PM,302,-90.93
53,E,12/01/2017 0:00,PM,823,-72.57
54,E,12/01/2017 0:00,PM,672,-69.82
55,E,12/01/2017 0:00,PM,480,-74.99
56,W,12/01/2017 0:00,PM,406,-83.88
57,W,12/01/2017 0:00,PM,814,-71.87
58,W,12/01/2017 0:00,PM,787,-76.01
59,W,12/01/2017 0:00,PM,610,-83.21
60,W,12/01/2017 0:00,PM,621,-84.04
61,W,12/01/2017 0:00,PM,845,-79.65
62,W,12/01/2017 0:00,PM,819,-81.81
63,W,12/01/2017 0:00,PM,739,-81.81
64,W,12/01/2017 0:00,PM,654,-80.73
65,W,12/01/2017 0:00,PM,840,-72.53
66,W,12/01/2017 0:00,PM,311,-87.69
67,W,12/01/2017 0:00,PM,2014,8.38
68,W,12/01/2017 0:00,PM,2387,7.53
69,W,12/01/2017 0:00,PM,2674,7.67
70,W,12/01/2017 0:00,PM,2961,9.04
71,W,12/01/2017 0:00,PM,3233,7.34
72,W,12/01/2017 0:00,PM,3452,7.53
73,W,12/01/2017 0:00,PM,3669,8.27
74,W,12/01/2017 0:00,PM,3305,8.02
75,W,12/01/2017 0:00,PM,2771,7.92
76,E,12/01/2017 0:00,PM,1569,7.51
77,E,12/01/2017 0:00,PM,1652,8.67
78,E,12/01/2017 0:00,PM,1907,8.55
79,E,12/01/2017 0:00,PM,2243,6.55
80,E,12/01/2017 0:00,PM,2342,7.91
81,E,12/01/2017 0:00,PM,2585,8.45
82,E,12/01/2017 0:00,PM,2668,7.75
83,E,12/01/2017 0:00,PM,2676,6.55
84,E,12/01/2017 0:00,PM,2356,6.75
85,E,12/01/2017 0:00,PM,1708,4.16
86,E,12/01/2017 0:00,PM,1568,8.38
87,W,12/01/2017 0:00,PM,2058,7.31
88,W,12/01/2017 0:00,PM,2366,7.74
89,W,12/01/2017 0:00,PM,2658,7.02
90,W,12/01/2017 0:00,PM,2915,7.42
91,W,12/01/2017 0:00,PM,3262,7.69
92,W,12/01/2017 0:00,PM,3349,6.63
93,W,12/01/2017 0:00,PM,3608,6.69
94,W,12/01/2017 0:00,PM,3267,7.94
95,W,12/01/2017 0:00,PM,2797,7.73
96,S,12/01/2017 0:00,PM,2053,-0.50
97,S,12/01/2017 0:00,PM,2245,-0.55
98,S,12/01/2017 0:00,PM,2464,-0.52
99,S,12/01/2017 0:00,PM,2604,-0.55
100,N,12/01/2017 0:00,PM,1989,0.22
101,N,12/01/2017 0:00,PM,2122,0.22
102,N,12/01/2017 0:00,PM,2117,0.18
103,N,12/01/2017 0:00,PM,2284,0.18
104,S,12/01/2017 0:00,PM,678,6.00
105,S,12/01/2017 0:00,PM,747,4.78
106,N,12/01/2017 0:00,PM,646,5.75
107,N,12/01/2017 0:00,PM,685,5.18
108,S,12/01/2017 0:00,PM,2277,1.47
109,S,12/01/2017 0:00,PM,2505,1.41
110,S,12/01/2017 0:00,PM,2715,1.58
111,S,12/01/2017 0:00,PM,2905,1.81
112,N,12/01/2017 0:00,PM,2105,-1.45
113,N,12/01/2017 0:00,PM,2268,-1.29
114,N,12/01/2017 0:00,PM,2232,-1.44
115,N,12/01/2017 0:00,PM,2457,-1.59
116,S,12/01/2017 0:00,PM,640,1.49
117,S,12/01/2017 0:00,PM,619,-2.34
118,S,12/01/2017 0:00,PM,673,-2.87
119,N,12/01/2017 0:00,PM,595,-0.82
120,N,12/01/2017 0:00,PM,657,-0.98
121,N,12/01/2017 0:00,PM,628,3.16
122,S,12/01/2017 0:00,PM,1077,-5.11
123,S,12/01/2017 0:00,PM,1179,-5.45
124,N,12/01/2017 0:00,PM,1009,-5.11
125,N,12/01/2017 0:00,PM,1077,-4.86
126,S,12/01/2017 0:00,PM,2839,-6.62
127,S,12/01/2017 0:00,PM,3012,-7.75
128,N,12/01/2017 0:00,PM,2924,1.56
129,N,12/01/2017 0:00,PM,3241,1.74
130,N,12/01/2017 0:00,PM,1343,-1.83
131,N,12/01/2017 0:00,PM,1486,-1.89
132,S,12/01/2017 0:00,PM,2156,3.47
133,S,12/01/2017 0:00,PM,2404,3.72
134,S,12/01/2017 0:00,PM,2543,3.68
135,S,12/01/2017 0:00,PM,2724,3.55
136,S,12/01/2017 0:00,PM,2787,3.35
137,N,12/01/2017 0:00,PM,2110,6.75
138,N,12/01/2017 0:00,PM,2310,6.94
139,N,12/01/2017 0:00,PM,2246,7.11
140,N,12/01/2017 0:00,PM,2402,5.89
141,N,12/01/2017 0:00,PM,2301,6.15
142,S,12/01/2017 0:00,PM,2012,-4.94
143,S,12/01/2017 0:00,PM,2219,-3.91
144,N,12/01/2017 0:00,PM,1841,-3.96
145,N,12/01/2017 0:00,PM,2038,-4.50
146,S,12/01/2017 0:00,PM,2038,5.60
147,S,12/01/2017 0:00,PM,2300,7.38
148,N,12/01/2017 0:00,PM,1904,5.66
149,N,12/01/2017 0:00,PM,2115,5.53
150,S,12/01/2017 0:00,PM,1492,-5.21
151,S,12/01/2017 0:00,PM,1680,-5.16
152,S,12/01/2017 0:00,PM,1808,-5.59
153,S,12/01/2017 0:00,PM,1919,-5.07
154,N,12/01/2017 0:00,PM,1503,0.61
155,N,12/01/2017 0:00,PM,1645,0.64
156,N,12/01/2017 0:00,PM,1595,0.59
157,N,12/01/2017 0:00,PM,1779,0.54
1,E,01/01/2018 0:00,AM,2429,15.80
2,E,01/01/2018 0:00,AM,2833,16.79
3,E,01/01/2018 0:00,AM,3137,15.60
4,E,01/01/2018 0:00,AM,3401,13.49
5,E,01/01/2018 0:00,AM,3829,17.10
6,E,01/01/2018 0:00,AM,4208,14.61
7,E,01/01/2018 0:00,AM,4488,15.87
8,E,01/01/2018 0:00,AM,4530,13.94
9,E,01/01/2018 0:00,AM,3816,16.82
10,E,01/01/2018 0:00,AM,3498,14.31
11,E,01/01/2018 0:00,AM,3096,16.31
12,W,01/01/2018 0:00,AM,1890,10.90
13,W,01/01/2018 0:00,AM,2174,11.93
14,W,01/01/2018 0:00,AM,2449,11.29
15,W,01/01/2018 0:00,AM,2648,12.34
16,W,01/01/2018 0:00,AM,2984,12.26
17,W,01/01/2018 0:00,AM,2891,13.38
18,W,01/01/2018 0:00,AM,2947,11.42
19,W,01/01/2018 0:00,AM,2313,13.05
20,W,01/01/2018 0:00,AM,2042,12.75
21,W,01/01/2018 0:00,AM,1620,10.82
22,W,01/01/2018 0:00,AM,1199,11.45
23,W,01/01/2018 0:00,AM,2160,17.05
24,W,01/01/2018 0:00,AM,2495,18.72
25,W,01/01/2018 0:00,AM,2717,16.71
26,W,01/01/2018 0:00,AM,2948,15.46
27,W,01/01/2018 0:00,AM,3410,17.72
28,W,01/01/2018 0:00,AM,3212,18.46
29,W,01/01/2018 0:00,AM,3439,19.87
30,W,01/01/2018 0:00,AM,2639,17.77
31,W,01/01/2018 0:00,AM,2283,18.99
32,W,01/01/2018 0:00,AM,1869,19.22
33,W,01/01/2018 0:00,AM,1368,16.81
34,E,01/01/2018 0:00,AM,2691,20.68
35,E,01/01/2018 0:00,AM,3115,18.48
36,E,01/01/2018 0:00,AM,3585,20.15
37,E,01/01/2018 0:00,AM,3949,19.69
38,E,01/01/2018 0:00,AM,4171,17.61
39,E,01/01/2018 0:00,AM,4535,16.84
40,E,01/01/2018 0:00,AM,4975,20.13
41,E,01/01/2018 0:00,AM,4985,17.73
42,E,01/01/2018 0:00,AM,4199,19.26
43,E,01/01/2018 0:00,AM,3890,21.38
44,E,01/01/2018 0:00,AM,3388,16.63
45,E,01/01/2018 0:00,AM,316,-84.86
46,E,01/01/2018 0:00,AM,869,-64.14
47,E,01/01/2018 0:00,AM,829,-69.54
48,E,01/01/2018 0:00,AM,426,-86.06
49,E,01/01/2018 0:00,AM,588,-82.08
50,E,01/01/2018 0:00,AM,1038,-70.89
51,E,01/01/2018 0:00,AM,1361,-65.11
52,E,01/01/2018 0:00,AM,903,-76.75
53,E,01/01/2018 0:00,AM,1120,-65.49
54,E,01/01/2018 0:00,AM,911,-69.62
55,E,01/01/2018 0:00,AM,526,-80.36
56,W,01/01/2018 0:00,AM,438,-74.12
57,W,01/01/2018 0:00,AM,488,-75.55
58,W,01/01/2018 0:00,AM,397,-81.81
59,W,01/01/2018 0:00,AM,393,-83.32
60,W,01/01/2018 0:00,AM,495,-81.43
61,W,01/01/2018 0:00,AM,604,-75.85
62,W,01/01/2018 0:00,AM,564,-78.19
63,W,01/01/2018 0:00,AM,620,-69.29
64,W,01/01/2018 0:00,AM,565,-68.09
65,W,01/01/2018 0:00,AM,382,-73.06
66,W,01/01/2018 0:00,AM,171,-84.22
67,W,01/01/2018 0:00,AM,1422,13.57
68,W,01/01/2018 0:00,AM,1674,11.62
69,W,01/01/2018 0:00,AM,1825,12.64
70,W,01/01/2018 0:00,AM,1983,12.14
71,W,01/01/2018 0:00,AM,2181,11.75
72,W,01/01/2018 0:00,AM,2192,13.94
73,W,01/01/2018 0:00,AM,2235,11.64
74,W,01/01/2018 0:00,AM,1720,12.22
75,W,01/01/2018 0:00,AM,1501,12.66
76,E,01/01/2018 0:00,AM,1731,9.52
77,E,01/01/2018 0:00,AM,2006,9.91
78,E,01/01/2018 0:00,AM,2252,10.66
79,E,01/01/2018 0:00,AM,2502,10.41
80,E,01/01/2018 0:00,AM,2731,10.12
81,E,01/01/2018 0:00,AM,2990,11.73
82,E,01/01/2018 0:00,AM,3320,11.60
83,E,01/01/2018 0:00,AM,3285,11.75
84,E,01/01/2018 0:00,AM,2783,10.37
85,E,01/01/2018 0:00,AM,2527,12.06
86,E,01/01/2018 0:00,AM,2235,11.79
87,W,01/01/2018 0:00,AM,1390,10.83
88,W,01/01/2018 0:00,AM,1701,12.94
89,W,01/01/2018 0:00,AM,1808,11.18
90,W,01/01/2018 0:00,AM,2043,12.83
91,W,01/01/2018 0:00,AM,2158,11.03
92,W,01/01/2018 0:00,AM,2148,12.19
93,W,01/01/2018 0:00,AM,2148,10.37
94,W,01/01/2018 0:00,AM,1683,11.91
95,W,01/01/2018 0:00,AM,1490,11.87
96,S,01/01/2018 0:00,AM,1898,5.84
97,S,01/01/2018 0:00,AM,2059,5.79
98,S,01/01/2018 0:00,AM,1970,6.41
99,S,01/01/2018 0:00,AM,1886,7.06
100,N,01/01/2018 0:00,AM,2023,9.54
101,N,01/01/2018 0:00,AM,2093,9.50
102,N,01/01/2018 0:00,AM,2224,9.60
103,N,01/01/2018 0:00,AM,2330,10.27
104,S,01/01/2018 0:00,AM,639,13.04
105,S,01/01/2018 0:00,AM,688,13.38
106,N,01/01/2018 0:00,AM,603,7.65
107,N,01/01/2018 0:00,AM,647,8.67
108,S,01/01/2018 0:00,AM,2049,6.65
109,S,01/01/2018 0:00,AM,2283,6.71
110,S,01/01/2018 0:00,AM,2171,6.64
111,S,01/01/2018 0:00,AM,2014,6.47
112,N,01/01/2018 0:00,AM,2056,3.59
113,N,01/01/2018 0:00,AM,2217,3.52
114,N,01/01/2018 0:00,AM,2245,3.53
115,N,01/01/2018 0:00,AM,2353,4.30
116,S,01/01/2018 0:00,AM,591,5.02
117,S,01/01/2018 0:00,AM,575,3.02
118,S,01/01/2018 0:00,AM,622,3.34
119,N,01/01/2018 0:00,AM,607,7.82
120,N,01/01/2018 0:00,AM,642,6.48
121,N,01/01/2018 0:00,AM,640,13.32
122,S,01/01/2018 0:00,AM,990,1.47
123,S,01/01/2018 0:00,AM,1066,1.64
124,N,01/01/2018 0:00,AM,979,-1.54
125,N,01/01/2018 0:00,AM,1032,-1.56
126,S,01/01/2018 0:00,AM,2660,0.70
127,S,01/01/2018 0:00,AM,2827,0.71
128,N,01/01/2018 0:00,AM,2886,9.37
129,N,01/01/2018 0:00,AM,3236,11.73
130,N,01/01/2018 0:00,AM,1283,3.02
131,N,01/01/2018 0:00,AM,1417,2.95
132,S,01/01/2018 0:00,AM,1945,8.31
133,S,01/01/2018 0:00,AM,2069,8.07
134,S,01/01/2018 0:00,AM,1996,6.37
135,S,01/01/2018 0:00,AM,1878,7.42
136,S,01/01/2018 0:00,AM,1812,7.43
137,N,01/01/2018 0:00,AM,2084,13.56
138,N,01/01/2018 0:00,AM,2252,16.07
139,N,01/01/2018 0:00,AM,2327,17.57
140,N,01/01/2018 0:00,AM,2399,13.96
141,N,01/01/2018 0:00,AM,2310,16.83
142,S,01/01/2018 0:00,AM,1850,3.03
143,S,01/01/2018 0:00,AM,2005,2.62
144,N,01/01/2018 0:00,AM,1777,-1.06
145,N,01/01/2018 0:00,AM,1912,-1.12
146,S,01/01/2018 0:00,AM,1861,11.09
147,S,01/01/2018 0:00,AM,2043,11.67
148,N,01/01/2018 0:00,AM,1874,9.77
149,N,01/01/2018 0:00,AM,2016,10.57
150,S,01/01/2018 0:00,AM,1461,4.27
151,S,01/01/2018 0:00,AM,1599,4.52
152,S,01/01/2018 0:00,AM,1517,4.94
153,S,01/01/2018 0:00,AM,1434,4.77
154,N,01/01/2018 0:00,AM,1477,5.97
155,N,01/01/2018 0:00,AM,1606,6.87
156,N,01/01/2018 0:00,AM,1674,6.28
157,N,01/01/2018 0:00,AM,1676,6.32
1,E,01/01/2018 0:00,PM,2227,15.26
2,E,01/01/2018 0:00,PM,2349,16.11
3,E,01/01/2018 0:00,PM,2560,13.11
4,E,01/01/2018 0:00,PM,3109,13.34
5,E,01/01/2018 0:00,PM,3282,13.11
6,E,01/01/2018 0:00,PM,3661,15.06
7,E,01/01/2018 0:00,PM,3725,14.52
8,E,01/01/2018 0:00,PM,3793,12.93
9,E,01/01/2018 0:00,PM,3434,14.85
10,E,01/01/2018 0:00,PM,2522,13.14
11,E,01/01/2018 0:00,PM,2221,16.82
12,W,01/01/2018 0:00,PM,2865,14.15
13,W,01/01/2018 0:00,PM,3294,11.48
14,W,01/01/2018 0:00,PM,3740,12.81
15,W,01/01/2018 0:00,PM,3928,10.79
16,W,01/01/2018 0:00,PM,4432,12.03
17,W,01/01/2018 0:00,PM,4802,13.41
18,W,01/01/2018 0:00,PM,5126,12.22
19,W,01/01/2018 0:00,PM,4657,13.91
20,W,01/01/2018 0:00,PM,3782,11.13
21,W,01/01/2018 0:00,PM,3392,12.06
22,W,01/01/2018 0:00,PM,2800,12.22
23,W,01/01/2018 0:00,PM,3222,16.94
24,W,01/01/2018 0:00,PM,3714,18.73
25,W,01/01/2018 0:00,PM,4161,18.32
26,W,01/01/2018 0:00,PM,4688,19.01
27,W,01/01/2018 0:00,PM,4952,16.71
28,W,01/01/2018 0:00,PM,5539,20.53
29,W,01/01/2018 0:00,PM,5635,16.16
30,W,01/01/2018 0:00,PM,5154,16.38
31,W,01/01/2018 0:00,PM,4250,15.64
32,W,01/01/2018 0:00,PM,3785,16.11
33,W,01/01/2018 0:00,PM,3213,16.53
34,E,01/01/2018 0:00,PM,2458,16.42
35,E,01/01/2018 0:00,PM,2622,17.46
36,E,01/01/2018 0:00,PM,2952,17.71
37,E,01/01/2018 0:00,PM,3582,18.37
38,E,01/01/2018 0:00,PM,3803,20.11
39,E,01/01/2018 0:00,PM,3885,16.44
40,E,01/01/2018 0:00,PM,4269,19.94
41,E,01/01/2018 0:00,PM,4159,16.93
42,E,01/01/2018 0:00,PM,3832,18.88
43,E,01/01/2018 0:00,PM,2795,18.50
44,E,01/01/2018 0:00,PM,2445,18.65
45,E,01/01/2018 0:00,PM,513,-73.15
46,E,01/01/2018 0:00,PM,371,-82.08
47,E,01/01/2018 0:00,PM,329,-85.91
48,E,01/01/2018 0:00,PM,882,-67.97
49,E,01/01/2018 0:00,PM,974,-67.36
50,E,01/01/2018 0:00,PM,1089,-65.56
51,E,01/01/2018 0:00,PM,540,-82.99
52,E,01/01/2018 0:00,PM,885,-73.45
53,E,01/01/2018 0:00,PM,758,-74.72
54,E,01/01/2018 0:00,PM,407,-81.71
55,E,01/01/2018 0:00,PM,502,-73.82
56,W,01/01/2018 0:00,PM,606,-75.93
57,W,01/01/2018 0:00,PM,448,-84.52
58,W,01/01/2018 0:00,PM,1066,-67.48
59,W,01/01/2018 0:00,PM,631,-82.64
60,W,01/01/2018 0:00,PM,820,-78.94
61,W,01/01/2018 0:00,PM,652,-84.30
62,W,01/01/2018 0:00,PM,649,-85.58
63,W,01/01/2018 0:00,PM,834,-79.47
64,W,01/01/2018 0:00,PM,517,-84.75
65,W,01/01/2018 0:00,PM,566,-81.51
66,W,01/01/2018 0:00,PM,661,-73.82
67,W,01/01/2018 0:00,PM,2088,12.39
68,W,01/01/2018 0:00,PM,2537,14.29
69,W,01/01/2018 0:00,PM,2794,12.48
70,W,01/01/2018 0:00,PM,3086,13.61
71,W,01/01/2018 0:00,PM,3387,12.44
72,W,01/01/2018 0:00,PM,3657,13.92
73,W,01/01/2018 0:00,PM,3842,13.38
74,W,01/01/2018 0:00,PM,3470,13.39
75,W,01/01/2018 0:00,PM,2876,11.99
76,E,01/01/2018 0:00,PM,1629,11.67
77,E,01/01/2018 0:00,PM,1674,10.10
78,E,01/01/2018 0:00,PM,1977,12.54
79,E,01/01/2018 0:00,PM,2357,11.96
80,E,01/01/2018 0:00,PM,2415,11.27
81,E,01/01/2018 0:00,PM,2670,11.98
82,E,01/01/2018 0:00,PM,2767,11.77
83,E,01/01/2018 0:00,PM,2766,10.09
84,E,01/01/2018 0:00,PM,2423,9.79
85,E,01/01/2018 0:00,PM,1825,11.29
86,E,01/01/2018 0:00,PM,1610,11.29
87,W,01/01/2018 0:00,PM,2160,12.60
88,W,01/01/2018 0:00,PM,2467,12.33
89,W,01/01/2018 0:00,PM,2780,11.91
90,W,01/01/2018 0:00,PM,3088,13.77
91,W,01/01/2018 0:00,PM,3379,11.54
92,W,01/01/2018 0:00,PM,3489,11.08
93,W,01/01/2018 0:00,PM,3748,10.82
94,W,01/01/2018 0:00,PM,3444,13.77
95,W,01/01/2018 0:00,PM,2884,11.10
96,S,01/01/2018 0:00,PM,2201,6.69
97,S,01/01/2018 0:00,PM,2413,6.92
98,S,01/01/2018 0:00,PM,2644,6.73
99,S,01/01/2018 0:00,PM,2786,6.41
100,N,01/01/2018 0:00,PM,2190,10.35
101,N,01/01/2018 0:00,PM,2350,11.02
102,N,01/01/2018 0:00,PM,2349,11.18
103,N,01/01/2018 0:00,PM,2514,10.25
104,S,01/01/2018 0:00,PM,735,14.89
105,S,01/01/2018 0:00,PM,824,15.55
106,N,01/01/2018 0:00,PM,660,8.08
107,N,01/01/2018 0:00,PM,707,8.57
108,S,01/01/2018 0:00,PM,2381,6.10
109,S,01/01/2018 0:00,PM,2633,6.58
110,S,01/01/2018 0:00,PM,2850,6.63
111,S,01/01/2018 0:00,PM,3020,5.86
112,N,01/01/2018 0:00,PM,2218,3.86
113,N,01/01/2018 0:00,PM,2390,3.99
114,N,01/01/2018 0:00,PM,2361,4.26
115,N,01/01/2018 0:00,PM,2595,3.94
116,S,01/01/2018 0:00,PM,667,5.64
117,S,01/01/2018 0:00,PM,654,3.17
118,S,01/01/2018 0:00,PM,711,2.64
119,N,01/01/2018 0:00,PM,644,7.28
120,N,01/01/2018 0:00,PM,717,7.97
121,N,01/01/2018 0:00,PM,691,13.45
122,S,01/01/2018 0:00,PM,1151,1.37
123,S,01/01/2018 0:00,PM,1267,1.60
124,N,01/01/2018 0:00,PM,1049,-1.28
125,N,01/01/2018 0:00,PM,1114,-1.58
126,S,01/01/2018 0:00,PM,3059,0.62
127,S,01/01/2018 0:00,PM,3286,0.64
128,N,01/01/2018 0:00,PM,3160,9.78
129,N,01/01/2018 0:00,PM,3491,9.61
130,N,01/01/2018 0:00,PM,1408,2.94
131,N,01/01/2018 0:00,PM,1557,2.78
132,S,01/01/2018 0:00,PM,2233,7.13
133,S,01/01/2018 0:00,PM,2490,7.43
134,S,01/01/2018 0:00,PM,2621,6.83
135,S,01/01/2018 0:00,PM,2810,6.79
136,S,01/01/2018 0:00,PM,2917,8.14
137,N,01/01/2018 0:00,PM,2281,15.37
138,N,01/01/2018 0:00,PM,2491,15.30
139,N,01/01/2018 0:00,PM,2413,15.07
140,N,01/01/2018 0:00,PM,2634,16.15
141,N,01/01/2018 0:00,PM,2489,14.80
142,S,01/01/2018 0:00,PM,2186,3.25
143,S,01/01/2018 0:00,PM,2375,2.88
144,N,01/01/2018 0:00,PM,1899,-0.96
145,N,01/01/2018 0:00,PM,2111,-1.07
146,S,01/01/2018 0:00,PM,2118,9.74
147,S,01/01/2018 0:00,PM,2338,9.14
148,N,01/01/2018 0:00,PM,2016,11.88
149,N,01/01/2018 0:00,PM,2214,10.46
150,S,01/01/2018 0:00,PM,1641,4.27
151,S,01/01/2018 0:00,PM,1853,4.64
152,S,01/01/2018 0:00,PM,2011,5.00
153,S,01/01/2018 0:00,PM,2114,4.55
154,N,01/01/2018 0:00,PM,1608,7.66
155,N,01/01/2018 0:00,PM,1732,5.92
156,N,01/01/2018 0:00,PM,1705,7.48
157,N,01/01/2018 0:00,PM,1876,6.05
1,E,02/01/2018 0:00,AM,2492,18.77
2,E,02/01/2018 0:00,AM,2821,16.29
3,E,02/01/2018 0:00,AM,3211,18.33
4,E,02/01/2018 0:00,AM,3628,21.06
5,E,02/01/2018 0:00,AM,3878,18.61
6,E,02/01/2018 0:00,AM,4440,20.93
7,E,02/01/2018 0:00,AM,4576,18.16
8,E,02/01/2018 0:00,AM,4751,19.50
9,E,02/01/2018 0:00,AM,3939,20.57
10,E,02/01/2018 0:00,AM,3681,20.29
11,E,02/01/2018 0:00,AM,3197,20.08
12,W,02/01/2018 0:00,AM,1997,17.21
13,W,02/01/2018 0:00,AM,2231,14.90
14,W,02/01/2018 0:00,AM,2534,15.14
15,W,02/01/2018 0:00,AM,2704,14.73
16,W,02/01/2018 0:00,AM,3016,13.49
17,W,02/01/2018 0:00,AM,2982,16.94
18,W,02/01/2018 0:00,AM,3107,17.48
19,W,02/01/2018 0:00,AM,2316,13.18
20,W,02/01/2018 0:00,AM,2077,14.66
21,W,02/01/2018 0:00,AM,1694,15.86
22,W,02/01/2018 0:00,AM,1263,17.36
23,W,02/01/2018 0:00,AM,2157,16.92
24,W,02/01/2018 0:00,AM,2480,18.01
25,W,02/01/2018 0:00,AM,2822,21.24
26,W,02/01/2018 0:00,AM,2986,16.96
27,W,02/01/2018 0:00,AM,3472,19.86
28,W,02/01/2018 0:00,AM,3252,19.96
29,W,02/01/2018 0:00,AM,3357,17.02
30,W,02/01/2018 0:00,AM,2697,20.35
31,W,02/01/2018 0:00,AM,2308,20.25
32,W,02/01/2018 0:00,AM,1895,20.82
33,W,02/01/2018 0:00,AM,1411,20.49
34,E,02/01/2018 0:00,AM,2648,18.72
35,E,02/01/2018 0:00,AM,3272,24.46
36,E,02/01/2018 0:00,AM,3630,21.64
37,E,02/01/2018 0:00,AM,4102,24.33
38,E,02/01/2018 0:00,AM,4379,23.50
39,E,02/01/2018 0:00,AM,4807,23.87
40,E,02/01/2018 0:00,AM,5168,24.81
41,E,02/01/2018 0:00,AM,5287,24.88
42,E,02/01/2018 0:00,AM,4254,20.81
43,E,02/01/2018 0:00,AM,3847,20.04
44,E,02/01/2018 0:00,AM,3609,24.22
45,E,02/01/2018 0:00,AM,676,-67.61
46,E,02/01/2018 0:00,AM,351,-85.50
47,E,02/01/2018 0:00,AM,448,-83.53
48,E,02/01/2018 0:00,AM,569,-81.41
49,E,02/01/2018 0:00,AM,598,-81.79
50,E,02/01/2018 0:00,AM,931,-73.91
51,E,02/01/2018 0:00,AM,737,-81.11
52,E,02/01/2018 0:00,AM,1114,-71.33
53,E,02/01/2018 0:00,AM,441,-86.41
54,E,02/01/2018 0:00,AM,796,-73.45
55,E,02/01/2018 0:00,AM,595,-77.77
56,W,02/01/2018 0:00,AM,505,-70.13
57,W,02/01/2018 0:00,AM,410,-79.46
58,W,02/01/2018 0:00,AM,437,-79.97
59,W,02/01/2018 0:00,AM,631,-73.19
60,W,02/01/2018 0:00,AM,780,-70.71
61,W,02/01/2018 0:00,AM,678,-72.90
62,W,02/01/2018 0:00,AM,629,-75.67
63,W,02/01/2018 0:00,AM,335,-83.40
64,W,02/01/2018 0:00,AM,541,-69.47
65,W,02/01/2018 0:00,AM,514,-63.71
66,W,02/01/2018 0:00,AM,362,-66.63
67,W,02/01/2018 0:00,AM,1440,14.99
68,W,02/01/2018 0:00,AM,1772,18.12
69,W,02/01/2018 0:00,AM,1933,19.35
70,W,02/01/2018 0:00,AM,2061,16.60
71,W,02/01/2018 0:00,AM,2292,17.42
72,W,02/01/2018 0:00,AM,2288,18.94
73,W,02/01/2018 0:00,AM,2345,17.14
74,W,02/01/2018 0:00,AM,1818,18.61
75,W,02/01/2018 0:00,AM,1532,15.01
76,E,02/01/2018 0:00,AM,1804,14.12
77,E,02/01/2018 0:00,AM,2069,13.35
78,E,02/01/2018 0:00,AM,2274,11.76
79,E,02/01/2018 0:00,AM,2574,13.61
80,E,02/01/2018 0:00,AM,2772,11.77
81,E,02/01/2018 0:00,AM,2989,11.70
82,E,02/01/2018 0:00,AM,3385,13.77
83,E,02/01/2018 0:00,AM,3382,15.05
84,E,02/01/2018 0:00,AM,2837,12.49
85,E,02/01/2018 0:00,AM,2593,15.00
86,E,02/01/2018 0:00,AM,2291,14.60
87,W,02/01/2018 0:00,AM,1480,18.04
88,W,02/01/2018 0:00,AM,1798,19.38
89,W,02/01/2018 0:00,AM,1896,16.62
90,W,02/01/2018 0:00,AM,2095,15.66
91,W,02/01/2018 0:00,AM,2317,19.19
92,W,02/01/2018 0:00,AM,2213,15.56
93,W,02/01/2018 0:00,AM,2310,18.69
94,W,02/01/2018 0:00,AM,1783,18.58
95,W,02/01/2018 0:00,AM,1563,17.31
96,S,02/01/2018 0:00,AM,1989,10.94
97,S,02/01/2018 0:00,AM,2117,8.76
98,S,02/01/2018 0:00,AM,2015,8.88
99,S,02/01/2018 0:00,AM,1919,8.92
100,N,02/01/2018 0:00,AM,1991,7.77
101,N,02/01/2018 0:00,AM,2060,7.79
102,N,02/01/2018 0:00,AM,2186,7.72
103,N,02/01/2018 0:00,AM,2325,10.04
104,S,02/01/2018 0:00,AM,641,13.50
105,S,02/01/2018 0:00,AM,701,15.44
106,N,02/01/2018 0:00,AM,622,11.07
107,N,02/01/2018 0:00,AM,660,10.87
108,S,02/01/2018 0:00,AM,2034,5.86
109,S,02/01/2018 0:00,AM,2275,6.31
110,S,02/01/2018 0:00,AM,2188,7.45
111,S,02/01/2018 0:00,AM,2024,6.97
112,N,02/01/2018 0:00,AM,2139,7.77
113,N,02/01/2018 0:00,AM,2306,7.66
114,N,02/01/2018 0:00,AM,2359,8.82
115,N,02/01/2018 0:00,AM,2417,7.13
116,S,02/01/2018 0:00,AM,608,7.91
117,S,02/01/2018 0:00,AM,578,3.51
118,S,02/01/2018 0:00,AM,623,3.41
119,N,02/01/2018 0:00,AM,602,6.91
120,N,02/01/2018 0:00,AM,636,5.54
121,N,02/01/2018 0:00,AM,627,10.91
122,S,02/01/2018 0:00,AM,1006,3.03
123,S,02/01/2018 0:00,AM,1075,2.51
124,N,02/01/2018 0:00,AM,999,0.53
125,N,02/01/2018 0:00,AM,1054,0.61
126,S,02/01/2018 0:00,AM,2641,0.00
127,S,02/01/2018 0:00,AM,2807,0.00
128,N,02/01/2018 0:00,AM,2878,9.07
129,N,02/01/2018 0:00,AM,3165,9.27
130,N,02/01/2018 0:00,AM,1293,3.82
131,N,02/01/2018 0:00,AM,1442,4.77
132,S,02/01/2018 0:00,AM,1958,9.03
133,S,02/01/2018 0:00,AM,2100,9.67
134,S,02/01/2018 0:00,AM,2025,7.95
135,S,02/01/2018 0:00,AM,1914,9.48
136,S,02/01/2018 0:00,AM,1856,10.00
137,N,02/01/2018 0:00,AM,2091,13.95
138,N,02/01/2018 0:00,AM,2279,17.47
139,N,02/01/2018 0:00,AM,2300,16.23
140,N,02/01/2018 0:00,AM,2406,14.31
141,N,02/01/2018 0:00,AM,2302,16.46
142,S,02/01/2018 0:00,AM,1845,2.74
143,S,02/01/2018 0:00,AM,2002,2.44
144,N,02/01/2018 0:00,AM,1867,3.96
145,N,02/01/2018 0:00,AM,2005,3.66
146,S,02/01/2018 0:00,AM,1935,15.51
147,S,02/01/2018 0:00,AM,2081,13.80
148,N,02/01/2018 0:00,AM,1928,12.95
149,N,02/01/2018 0:00,AM,2070,13.56
150,S,02/01/2018 0:00,AM,1457,3.98
151,S,02/01/2018 0:00,AM,1591,3.96
152,S,02/01/2018 0:00,AM,1510,4.44
153,S,02/01/2018 0:00,AM,1431,4.54
154,N,02/01/2018 0:00,AM,1510,8.35
155,N,02/01/2018 0:00,AM,1654,10.06
156,N,02/01/2018 0:00,AM,1724,9.46
157,N,02/01/2018 0:00,AM,1729,9.68
1,E,02/01/2018 0:00,PM,2268,17.39
2,E,02/01/2018 0:00,PM,2346,15.95
3,E,02/01/2018 0:00,PM,2652,17.19
4,E,02/01/2018 0:00,PM,3324,21.19
5,E,02/01/2018 0:00,PM,3493,20.36
6,E,02/01/2018 0:00,PM,3735,17.37
7,E,02/01/2018 0:00,PM,3859,18.63
8,E,02/01/2018 0:00,PM,4041,20.29
9,E,02/01/2018 0:00,PM,3602,20.48
10,E,02/01/2018 0:00,PM,2686,20.51
11,E,02/01/2018 0:00,PM,2287,20.33
12,W,02/01/2018 0:00,PM,2937,17.02
13,W,02/01/2018 0:00,PM,3395,14.88
14,W,02/01/2018 0:00,PM,3865,16.59
15,W,02/01/2018 0:00,PM,4097,15.53
16,W,02/01/2018 0:00,PM,4527,14.45
17,W,02/01/2018 0:00,PM,4836,14.21
18,W,02/01/2018 0:00,PM,5345,17.00
19,W,02/01/2018 0:00,PM,4631,13.28
20,W,02/01/2018 0:00,PM,3984,17.07
21,W,02/01/2018 0:00,PM,3565,17.78
22,W,02/01/2018 0:00,PM,2934,17.58
23,W,02/01/2018 0:00,PM,3243,17.73
24,W,02/01/2018 0:00,PM,3806,21.69
25,W,02/01/2018 0:00,PM,4146,17.89
26,W,02/01/2018 0:00,PM,4719,19.80
27,W,02/01/2018 0:00,PM,5043,18.85
28,W,02/01/2018 0:00,PM,5426,18.06
29,W,02/01/2018 0:00,PM,5703,17.57
30,W,02/01/2018 0:00,PM,5410,22.14
31,W,02/01/2018 0:00,PM,4364,18.75
32,W,02/01/2018 0:00,PM,3925,20.39
33,W,02/01/2018 0:00,PM,3259,18.22
34,E,02/01/2018 0:00,PM,2558,21.18
35,E,02/01/2018 0:00,PM,2647,18.62
36,E,02/01/2018 0:00,PM,3132,24.88
37,E,02/01/2018 0:00,PM,3626,19.82
38,E,02/01/2018 0:00,PM,3881,22.58
39,E,02/01/2018 0:00,PM,4129,23.76
40,E,02/01/2018 0:00,PM,4450,25.03
41,E,02/01/2018 0:00,PM,4390,23.41
42,E,02/01/2018 0:00,PM,3892,20.76
43,E,02/01/2018 0:00,PM,2839,20.35
44,E,02/01/2018 0:00,PM,2503,21.46
45,E,02/01/2018 0:00,PM,525,-72.54
46,E,02/01/2018 0:00,PM,688,-66.78
47,E,02/01/2018 0:00,PM,636,-72.77
48,E,02/01/2018 0:00,PM,573,-79.21
49,E,02/01/2018 0:00,PM,1030,-65.49
50,E,02/01/2018 0:00,PM,993,-68.60
51,E,02/01/2018 0:00,PM,578,-81.79
52,E,02/01/2018 0:00,PM,1062,-68.14
53,E,02/01/2018 0:00,PM,444,-85.20
54,E,02/01/2018 0:00,PM,316,-85.81
55,E,02/01/2018 0:00,PM,432,-77.47
56,W,02/01/2018 0:00,PM,563,-77.64
57,W,02/01/2018 0:00,PM,1083,-62.55
58,W,02/01/2018 0:00,PM,860,-73.77
59,W,02/01/2018 0:00,PM,979,-73.05
60,W,02/01/2018 0:00,PM,1183,-69.62
61,W,02/01/2018 0:00,PM,1238,-70.20
62,W,02/01/2018 0:00,PM,1288,-71.37
63,W,02/01/2018 0:00,PM,1424,-64.95
64,W,02/01/2018 0:00,PM,1070,-68.45
65,W,02/01/2018 0:00,PM,501,-83.62
66,W,02/01/2018 0:00,PM,959,-62.04
67,W,02/01/2018 0:00,PM,2151,15.78
68,W,02/01/2018 0:00,PM,2621,18.08
69,W,02/01/2018 0:00,PM,2926,17.80
70,W,02/01/2018 0:00,PM,3225,18.76
71,W,02/01/2018 0:00,PM,3522,16.92
72,W,02/01/2018 0:00,PM,3799,18.35
73,W,02/01/2018 0:00,PM,4023,18.71
74,W,02/01/2018 0:00,PM,3634,18.74
75,W,02/01/2018 0:00,PM,3048,18.67
76,E,02/01/2018 0:00,PM,1674,14.70
77,E,02/01/2018 0:00,PM,1693,11.35
78,E,02/01/2018 0:00,PM,1995,13.53
79,E,02/01/2018 0:00,PM,2371,12.65
80,E,02/01/2018 0:00,PM,2448,12.83
81,E,02/01/2018 0:00,PM,2655,11.38
82,E,02/01/2018 0:00,PM,2786,12.53
83,E,02/01/2018 0:00,PM,2870,14.24
84,E,02/01/2018 0:00,PM,2517,14.03
85,E,02/01/2018 0:00,PM,1873,14.18
86,E,02/01/2018 0:00,PM,1616,11.70
87,W,02/01/2018 0:00,PM,2216,15.54
88,W,02/01/2018 0:00,PM,2555,16.34
89,W,02/01/2018 0:00,PM,2897,16.62
90,W,02/01/2018 0:00,PM,3178,17.10
91,W,02/01/2018 0:00,PM,3481,14.93
92,W,02/01/2018 0:00,PM,3645,16.04
93,W,02/01/2018 0:00,PM,3935,16.36
94,W,02/01/2018 0:00,PM,3498,15.57
95,W,02/01/2018 0:00,PM,2986,15.02
96,S,02/01/2018 0:00,PM,2257,9.43
97,S,02/01/2018 0:00,PM,2456,8.80
98,S,02/01/2018 0:00,PM,2728,10.13
99,S,02/01/2018 0:00,PM,2869,9.57
100,N,02/01/2018 0:00,PM,2172,9.43
101,N,02/01/2018 0:00,PM,2288,8.08
102,N,02/01/2018 0:00,PM,2277,7.76
103,N,02/01/2018 0:00,PM,2501,9.70
104,S,02/01/2018 0:00,PM,744,16.24
105,S,02/01/2018 0:00,PM,815,14.37
106,N,02/01/2018 0:00,PM,674,10.38
107,N,02/01/2018 0:00,PM,726,11.48
108,S,02/01/2018 0:00,PM,2398,6.85
109,S,02/01/2018 0:00,PM,2651,7.33
110,S,02/01/2018 0:00,PM,2855,6.79
111,S,02/01/2018 0:00,PM,3012,5.59
112,N,02/01/2018 0:00,PM,2286,7.02
113,N,02/01/2018 0:00,PM,2463,7.17
114,N,02/01/2018 0:00,PM,2423,6.99
115,N,02/01/2018 0:00,PM,2679,7.31
116,S,02/01/2018 0:00,PM,684,8.42
117,S,02/01/2018 0:00,PM,653,3.05
118,S,02/01/2018 0:00,PM,715,3.10
119,N,02/01/2018 0:00,PM,644,7.26
120,N,02/01/2018 0:00,PM,707,6.43
121,N,02/01/2018 0:00,PM,689,13.09
122,S,02/01/2018 0:00,PM,1169,3.01
123,S,02/01/2018 0:00,PM,1285,3.04
124,N,02/01/2018 0:00,PM,1070,0.68
125,N,02/01/2018 0:00,PM,1139,0.63
126,S,02/01/2018 0:00,PM,3040,0.00
127,S,02/01/2018 0:00,PM,3265,0.00
128,N,02/01/2018 0:00,PM,3154,9.56
129,N,02/01/2018 0:00,PM,3493,9.66
130,N,02/01/2018 0:00,PM,1425,4.14
131,N,02/01/2018 0:00,PM,1584,4.54
132,S,02/01/2018 0:00,PM,2295,10.10
133,S,02/01/2018 0:00,PM,2528,9.08
134,S,02/01/2018 0:00,PM,2645,7.81
135,S,02/01/2018 0:00,PM,2849,8.29
136,S,02/01/2018 0:00,PM,2969,10.09
137,N,02/01/2018 0:00,PM,2318,17.25
138,N,02/01/2018 0:00,PM,2537,17.47
139,N,02/01/2018 0:00,PM,2423,15.53
140,N,02/01/2018 0:00,PM,2606,14.88
141,N,02/01/2018 0:00,PM,2480,14.38
142,S,02/01/2018 0:00,PM,2165,2.26
143,S,02/01/2018 0:00,PM,2370,2.63
144,N,02/01/2018 0:00,PM,1983,3.42
145,N,02/01/2018 0:00,PM,2219,3.96
146,S,02/01/2018 0:00,PM,2174,12.62
147,S,02/01/2018 0:00,PM,2402,12.16
148,N,02/01/2018 0:00,PM,1998,10.89
149,N,02/01/2018 0:00,PM,2252,12.38
150,S,02/01/2018 0:00,PM,1652,4.94
151,S,02/01/2018 0:00,PM,1850,4.43
152,S,02/01/2018 0:00,PM,1990,3.94
153,S,02/01/2018 0:00,PM,2106,4.14
154,N,02/01/2018 0:00,PM,1634,9.40
155,N,02/01/2018 0:00,PM,1773,8.47
156,N,02/01/2018 0:00,PM,1720,8.48
157,N,02/01/2018 0:00,PM,1926,8.85
